"","City","State","Income","Year","MSA"
"1","Atlanta","Georgia",83251,2022,"Atlanta-Sandy Springs-Alpharetta, GA MSA"
"2","Atlanta","Georgia",50210,2015,"Atlanta-Sandy Springs-Alpharetta, GA MSA"
"3","Atlanta","Georgia",65345,2018,"Atlanta-Sandy Springs-Alpharetta, GA MSA"
"4","Atlanta","Georgia",46485,2013,"Atlanta-Sandy Springs-Alpharetta, GA MSA"
"5","Atlanta","Georgia",46466,2012,"Atlanta-Sandy Springs-Alpharetta, GA MSA"
"6","Atlanta","Georgia",53843,2016,"Atlanta-Sandy Springs-Alpharetta, GA MSA"
"7","Atlanta","Georgia",57597,2017,"Atlanta-Sandy Springs-Alpharetta, GA MSA"
"8","Atlanta","Georgia",66657,2019,"Atlanta-Sandy Springs-Alpharetta, GA MSA"
"9","Atlanta","Georgia",46777,2014,"Atlanta-Sandy Springs-Alpharetta, GA MSA"
"10","Atlanta","Georgia",41631,2010,"Atlanta-Sandy Springs-Alpharetta, GA MSA"
"11","Atlanta","Georgia",43903,2011,"Atlanta-Sandy Springs-Alpharetta, GA MSA"
"12","Atlanta","Georgia",74107,2021,"Atlanta-Sandy Springs-Alpharetta, GA MSA"
"13","Austin","Texas",79542,2021,"Austin-Round Rock-Georgetown, TX MSA"
"14","Austin","Texas",58458,2014,"Austin-Round Rock-Georgetown, TX MSA"
"15","Austin","Texas",49987,2011,"Austin-Round Rock-Georgetown, TX MSA"
"16","Austin","Texas",56351,2013,"Austin-Round Rock-Georgetown, TX MSA"
"17","Austin","Texas",75413,2019,"Austin-Round Rock-Georgetown, TX MSA"
"18","Austin","Texas",62250,2015,"Austin-Round Rock-Georgetown, TX MSA"
"19","Austin","Texas",52453,2012,"Austin-Round Rock-Georgetown, TX MSA"
"20","Austin","Texas",67755,2017,"Austin-Round Rock-Georgetown, TX MSA"
"21","Austin","Texas",71543,2018,"Austin-Round Rock-Georgetown, TX MSA"
"22","Austin","Texas",47434,2010,"Austin-Round Rock-Georgetown, TX MSA"
"23","Austin","Texas",89415,2022,"Austin-Round Rock-Georgetown, TX MSA"
"24","Austin","Texas",66697,2016,"Austin-Round Rock-Georgetown, TX MSA"
"25","Baltimore","Maryland",42665,2014,"Baltimore-Columbia-Towson, MD MSA"
"26","Baltimore","Maryland",47350,2016,"Baltimore-Columbia-Towson, MD MSA"
"27","Baltimore","Maryland",38346,2010,"Baltimore-Columbia-Towson, MD MSA"
"28","Baltimore","Maryland",42266,2013,"Baltimore-Columbia-Towson, MD MSA"
"29","Baltimore","Maryland",39241,2012,"Baltimore-Columbia-Towson, MD MSA"
"30","Baltimore","Maryland",50177,2019,"Baltimore-Columbia-Towson, MD MSA"
"31","Baltimore","Maryland",55198,2022,"Baltimore-Columbia-Towson, MD MSA"
"32","Baltimore","Maryland",51000,2018,"Baltimore-Columbia-Towson, MD MSA"
"33","Baltimore","Maryland",47131,2017,"Baltimore-Columbia-Towson, MD MSA"
"34","Baltimore","Maryland",44165,2015,"Baltimore-Columbia-Towson, MD MSA"
"35","Baltimore","Maryland",54652,2021,"Baltimore-Columbia-Towson, MD MSA"
"36","Baltimore","Maryland",38721,2011,"Baltimore-Columbia-Towson, MD MSA"
"37","Birmingham","Alabama",31152,2013,"Birmingham-Hoover, AL MSA"
"38","Birmingham","Alabama",36614,2021,"Birmingham-Hoover, AL MSA"
"39","Birmingham","Alabama",36395,2018,"Birmingham-Hoover, AL MSA"
"40","Birmingham","Alabama",39326,2022,"Birmingham-Hoover, AL MSA"
"41","Birmingham","Alabama",30212,2010,"Birmingham-Hoover, AL MSA"
"42","Birmingham","Alabama",36753,2019,"Birmingham-Hoover, AL MSA"
"43","Birmingham","Alabama",32378,2015,"Birmingham-Hoover, AL MSA"
"44","Birmingham","Alabama",28646,2011,"Birmingham-Hoover, AL MSA"
"45","Birmingham","Alabama",36241,2016,"Birmingham-Hoover, AL MSA"
"46","Birmingham","Alabama",33553,2017,"Birmingham-Hoover, AL MSA"
"47","Birmingham","Alabama",30701,2012,"Birmingham-Hoover, AL MSA"
"48","Birmingham","Alabama",30043,2014,"Birmingham-Hoover, AL MSA"
"49","Boston","Massachusetts",71834,2018,"Boston-Cambridge-Newton, MA-NH MSA"
"50","Boston","Massachusetts",86331,2022,"Boston-Cambridge-Newton, MA-NH MSA"
"51","Boston","Massachusetts",53583,2013,"Boston-Cambridge-Newton, MA-NH MSA"
"52","Boston","Massachusetts",49893,2010,"Boston-Cambridge-Newton, MA-NH MSA"
"53","Boston","Massachusetts",66758,2017,"Boston-Cambridge-Newton, MA-NH MSA"
"54","Boston","Massachusetts",51642,2012,"Boston-Cambridge-Newton, MA-NH MSA"
"55","Boston","Massachusetts",79283,2021,"Boston-Cambridge-Newton, MA-NH MSA"
"56","Boston","Massachusetts",58263,2015,"Boston-Cambridge-Newton, MA-NH MSA"
"57","Boston","Massachusetts",63621,2016,"Boston-Cambridge-Newton, MA-NH MSA"
"58","Boston","Massachusetts",79018,2019,"Boston-Cambridge-Newton, MA-NH MSA"
"59","Boston","Massachusetts",56902,2014,"Boston-Cambridge-Newton, MA-NH MSA"
"60","Boston","Massachusetts",49081,2011,"Boston-Cambridge-Newton, MA-NH MSA"
"61","Buffalo","New York",34814,2017,"Buffalo-Cheektowaga, NY MSA"
"62","Buffalo","New York",32509,2015,"Buffalo-Cheektowaga, NY MSA"
"63","Buffalo","New York",30422,2012,"Buffalo-Cheektowaga, NY MSA"
"64","Buffalo","New York",28490,2010,"Buffalo-Cheektowaga, NY MSA"
"65","Buffalo","New York",32392,2013,"Buffalo-Cheektowaga, NY MSA"
"66","Buffalo","New York",40669,2021,"Buffalo-Cheektowaga, NY MSA"
"67","Buffalo","New York",32883,2016,"Buffalo-Cheektowaga, NY MSA"
"68","Buffalo","New York",37359,2018,"Buffalo-Cheektowaga, NY MSA"
"69","Buffalo","New York",40843,2019,"Buffalo-Cheektowaga, NY MSA"
"70","Buffalo","New York",29158,2011,"Buffalo-Cheektowaga, NY MSA"
"71","Buffalo","New York",31919,2014,"Buffalo-Cheektowaga, NY MSA"
"72","Buffalo","New York",48904,2022,"Buffalo-Cheektowaga, NY MSA"
"73","Charlotte","North Carolina",50177,2011,"Charlotte-Concord-Gastonia, NC-SC MSA"
"74","Charlotte","North Carolina",61350,2017,"Charlotte-Concord-Gastonia, NC-SC MSA"
"75","Charlotte","North Carolina",50950,2012,"Charlotte-Concord-Gastonia, NC-SC MSA"
"76","Charlotte","North Carolina",74401,2022,"Charlotte-Concord-Gastonia, NC-SC MSA"
"77","Charlotte","North Carolina",55178,2014,"Charlotte-Concord-Gastonia, NC-SC MSA"
"78","Charlotte","North Carolina",60764,2018,"Charlotte-Concord-Gastonia, NC-SC MSA"
"79","Charlotte","North Carolina",53919,2015,"Charlotte-Concord-Gastonia, NC-SC MSA"
"80","Charlotte","North Carolina",49616,2010,"Charlotte-Concord-Gastonia, NC-SC MSA"
"81","Charlotte","North Carolina",61017,2016,"Charlotte-Concord-Gastonia, NC-SC MSA"
"82","Charlotte","North Carolina",70869,2021,"Charlotte-Concord-Gastonia, NC-SC MSA"
"83","Charlotte","North Carolina",51034,2013,"Charlotte-Concord-Gastonia, NC-SC MSA"
"84","Charlotte","North Carolina",63483,2019,"Charlotte-Concord-Gastonia, NC-SC MSA"
"85","Chicago","Illinois",61811,2019,"Chicago-Naperville-Elgin, IL-IN-WI MSA"
"86","Chicago","Illinois",53006,2016,"Chicago-Naperville-Elgin, IL-IN-WI MSA"
"87","Chicago","Illinois",66576,2021,"Chicago-Naperville-Elgin, IL-IN-WI MSA"
"88","Chicago","Illinois",44776,2010,"Chicago-Naperville-Elgin, IL-IN-WI MSA"
"89","Chicago","Illinois",48734,2014,"Chicago-Naperville-Elgin, IL-IN-WI MSA"
"90","Chicago","Illinois",57238,2018,"Chicago-Naperville-Elgin, IL-IN-WI MSA"
"91","Chicago","Illinois",55295,2017,"Chicago-Naperville-Elgin, IL-IN-WI MSA"
"92","Chicago","Illinois",47099,2013,"Chicago-Naperville-Elgin, IL-IN-WI MSA"
"93","Chicago","Illinois",70386,2022,"Chicago-Naperville-Elgin, IL-IN-WI MSA"
"94","Chicago","Illinois",45214,2012,"Chicago-Naperville-Elgin, IL-IN-WI MSA"
"95","Chicago","Illinois",43628,2011,"Chicago-Naperville-Elgin, IL-IN-WI MSA"
"96","Chicago","Illinois",50702,2015,"Chicago-Naperville-Elgin, IL-IN-WI MSA"
"97","Cincinnati","Ohio",38539,2016,"Cincinnati, OH-KY-IN MSA"
"98","Cincinnati","Ohio",46260,2019,"Cincinnati, OH-KY-IN MSA"
"99","Cincinnati","Ohio",43585,2018,"Cincinnati, OH-KY-IN MSA"
"100","Cincinnati","Ohio",35001,2015,"Cincinnati, OH-KY-IN MSA"
"101","Cincinnati","Ohio",34110,2010,"Cincinnati, OH-KY-IN MSA"
"102","Cincinnati","Ohio",42733,2021,"Cincinnati, OH-KY-IN MSA"
"103","Cincinnati","Ohio",31301,2011,"Cincinnati, OH-KY-IN MSA"
"104","Cincinnati","Ohio",30188,2012,"Cincinnati, OH-KY-IN MSA"
"105","Cincinnati","Ohio",48130,2022,"Cincinnati, OH-KY-IN MSA"
"106","Cincinnati","Ohio",34605,2013,"Cincinnati, OH-KY-IN MSA"
"107","Cincinnati","Ohio",32688,2014,"Cincinnati, OH-KY-IN MSA"
"108","Cincinnati","Ohio",38938,2017,"Cincinnati, OH-KY-IN MSA"
"109","Cleveland","Ohio",32053,2019,"Cleveland-Elyria, OH MSA"
"110","Cleveland","Ohio",29953,2018,"Cleveland-Elyria, OH MSA"
"111","Cleveland","Ohio",26096,2013,"Cleveland-Elyria, OH MSA"
"112","Cleveland","Ohio",24701,2014,"Cleveland-Elyria, OH MSA"
"113","Cleveland","Ohio",24257,2012,"Cleveland-Elyria, OH MSA"
"114","Cleveland","Ohio",25371,2011,"Cleveland-Elyria, OH MSA"
"115","Cleveland","Ohio",35562,2021,"Cleveland-Elyria, OH MSA"
"116","Cleveland","Ohio",37351,2022,"Cleveland-Elyria, OH MSA"
"117","Cleveland","Ohio",28974,2017,"Cleveland-Elyria, OH MSA"
"118","Cleveland","Ohio",25977,2010,"Cleveland-Elyria, OH MSA"
"119","Cleveland","Ohio",27551,2016,"Cleveland-Elyria, OH MSA"
"120","Cleveland","Ohio",28831,2015,"Cleveland-Elyria, OH MSA"
"121","Columbus","Ohio",57118,2019,"Columbus, OH MSA"
"122","Columbus","Ohio",49602,2016,"Columbus, OH MSA"
"123","Columbus","Ohio",46481,2014,"Columbus, OH MSA"
"124","Columbus","Ohio",41397,2010,"Columbus, OH MSA"
"125","Columbus","Ohio",52971,2018,"Columbus, OH MSA"
"126","Columbus","Ohio",58202,2021,"Columbus, OH MSA"
"127","Columbus","Ohio",61727,2022,"Columbus, OH MSA"
"128","Columbus","Ohio",44426,2013,"Columbus, OH MSA"
"129","Columbus","Ohio",51708,2017,"Columbus, OH MSA"
"130","Columbus","Ohio",40463,2011,"Columbus, OH MSA"
"131","Columbus","Ohio",43844,2012,"Columbus, OH MSA"
"132","Columbus","Ohio",47401,2015,"Columbus, OH MSA"
"133","Dallas","Texas",41354,2012,"Dallas-Fort Worth-Arlington, TX MSA"
"134","Dallas","Texas",45918,2015,"Dallas-Fort Worth-Arlington, TX MSA"
"135","Dallas","Texas",57995,2021,"Dallas-Fort Worth-Arlington, TX MSA"
"136","Dallas","Texas",47243,2016,"Dallas-Fort Worth-Arlington, TX MSA"
"137","Dallas","Texas",65400,2022,"Dallas-Fort Worth-Arlington, TX MSA"
"138","Dallas","Texas",55332,2019,"Dallas-Fort Worth-Arlington, TX MSA"
"139","Dallas","Texas",40585,2011,"Dallas-Fort Worth-Arlington, TX MSA"
"140","Dallas","Texas",40650,2010,"Dallas-Fort Worth-Arlington, TX MSA"
"141","Dallas","Texas",50627,2017,"Dallas-Fort Worth-Arlington, TX MSA"
"142","Dallas","Texas",41978,2013,"Dallas-Fort Worth-Arlington, TX MSA"
"143","Dallas","Texas",52210,2018,"Dallas-Fort Worth-Arlington, TX MSA"
"144","Dallas","Texas",43003,2014,"Dallas-Fort Worth-Arlington, TX MSA"
"145","Denver","Colorado",54941,2014,"Denver-Aurora-Lakewood, CO MSA"
"146","Denver","Colorado",51089,2013,"Denver-Aurora-Lakewood, CO MSA"
"147","Denver","Colorado",58003,2015,"Denver-Aurora-Lakewood, CO MSA"
"148","Denver","Colorado",47371,2011,"Denver-Aurora-Lakewood, CO MSA"
"149","Denver","Colorado",50488,2012,"Denver-Aurora-Lakewood, CO MSA"
"150","Denver","Colorado",68377,2018,"Denver-Aurora-Lakewood, CO MSA"
"151","Denver","Colorado",88213,2022,"Denver-Aurora-Lakewood, CO MSA"
"152","Denver","Colorado",65224,2017,"Denver-Aurora-Lakewood, CO MSA"
"153","Denver","Colorado",81630,2021,"Denver-Aurora-Lakewood, CO MSA"
"154","Denver","Colorado",45074,2010,"Denver-Aurora-Lakewood, CO MSA"
"155","Denver","Colorado",61105,2016,"Denver-Aurora-Lakewood, CO MSA"
"156","Denver","Colorado",75646,2019,"Denver-Aurora-Lakewood, CO MSA"
"157","Detroit","Michigan",28099,2016,"Detroit-Warren-Dearborn, MI MSA"
"158","Detroit","Michigan",25193,2011,"Detroit-Warren-Dearborn, MI MSA"
"159","Detroit","Michigan",25769,2014,"Detroit-Warren-Dearborn, MI MSA"
"160","Detroit","Michigan",23600,2012,"Detroit-Warren-Dearborn, MI MSA"
"161","Detroit","Michigan",24820,2013,"Detroit-Warren-Dearborn, MI MSA"
"162","Detroit","Michigan",25980,2015,"Detroit-Warren-Dearborn, MI MSA"
"163","Detroit","Michigan",25787,2010,"Detroit-Warren-Dearborn, MI MSA"
"164","Detroit","Michigan",36140,2021,"Detroit-Warren-Dearborn, MI MSA"
"165","Detroit","Michigan",31283,2018,"Detroit-Warren-Dearborn, MI MSA"
"166","Detroit","Michigan",30344,2017,"Detroit-Warren-Dearborn, MI MSA"
"167","Detroit","Michigan",33965,2019,"Detroit-Warren-Dearborn, MI MSA"
"168","Detroit","Michigan",36453,2022,"Detroit-Warren-Dearborn, MI MSA"
"169","Fresno","California",38386,2012,"Fresno, CA MSA"
"170","Fresno","California",41144,2010,"Fresno, CA MSA"
"171","Fresno","California",64196,2022,"Fresno, CA MSA"
"172","Fresno","California",40533,2011,"Fresno, CA MSA"
"173","Fresno","California",40179,2013,"Fresno, CA MSA"
"174","Fresno","California",39880,2014,"Fresno, CA MSA"
"175","Fresno","California",49813,2018,"Fresno, CA MSA"
"176","Fresno","California",53161,2019,"Fresno, CA MSA"
"177","Fresno","California",43494,2015,"Fresno, CA MSA"
"178","Fresno","California",48600,2017,"Fresno, CA MSA"
"179","Fresno","California",44905,2016,"Fresno, CA MSA"
"180","Fresno","California",61250,2021,"Fresno, CA MSA"
"181","Houston","Texas",45353,2013,"Houston-The Woodlands-Sugar Land, TX MSA"
"182","Houston","Texas",60426,2022,"Houston-The Woodlands-Sugar Land, TX MSA"
"183","Houston","Texas",48064,2015,"Houston-The Woodlands-Sugar Land, TX MSA"
"184","Houston","Texas",42877,2011,"Houston-The Woodlands-Sugar Land, TX MSA"
"185","Houston","Texas",42847,2012,"Houston-The Woodlands-Sugar Land, TX MSA"
"186","Houston","Texas",42355,2010,"Houston-The Woodlands-Sugar Land, TX MSA"
"187","Houston","Texas",50896,2017,"Houston-The Woodlands-Sugar Land, TX MSA"
"188","Houston","Texas",52450,2019,"Houston-The Woodlands-Sugar Land, TX MSA"
"189","Houston","Texas",51203,2018,"Houston-The Woodlands-Sugar Land, TX MSA"
"190","Houston","Texas",45460,2014,"Houston-The Woodlands-Sugar Land, TX MSA"
"191","Houston","Texas",55499,2021,"Houston-The Woodlands-Sugar Land, TX MSA"
"192","Houston","Texas",47793,2016,"Houston-The Woodlands-Sugar Land, TX MSA"
"193","Indianapolis","Indiana",41361,2013,"Indianapolis-Carmel-Anderson, IN MSA"
"194","Indianapolis","Indiana",44615,2016,"Indianapolis-Carmel-Anderson, IN MSA"
"195","Indianapolis","Indiana",41278,2015,"Indianapolis-Carmel-Anderson, IN MSA"
"196","Indianapolis","Indiana",58479,2021,"Indianapolis-Carmel-Anderson, IN MSA"
"197","Indianapolis","Indiana",39015,2011,"Indianapolis-Carmel-Anderson, IN MSA"
"198","Indianapolis","Indiana",61501,2022,"Indianapolis-Carmel-Anderson, IN MSA"
"199","Indianapolis","Indiana",40854,2012,"Indianapolis-Carmel-Anderson, IN MSA"
"200","Indianapolis","Indiana",38502,2010,"Indianapolis-Carmel-Anderson, IN MSA"
"201","Indianapolis","Indiana",42370,2014,"Indianapolis-Carmel-Anderson, IN MSA"
"202","Indianapolis","Indiana",47678,2018,"Indianapolis-Carmel-Anderson, IN MSA"
"203","Indianapolis","Indiana",47225,2017,"Indianapolis-Carmel-Anderson, IN MSA"
"204","Indianapolis","Indiana",49661,2019,"Indianapolis-Carmel-Anderson, IN MSA"
"205","Jacksonville","Florida",42800,2012,"Jacksonville, FL MSA"
"206","Jacksonville","Florida",44591,2014,"Jacksonville, FL MSA"
"207","Jacksonville","Florida",47424,2013,"Jacksonville, FL MSA"
"208","Jacksonville","Florida",56975,2019,"Jacksonville, FL MSA"
"209","Jacksonville","Florida",54269,2018,"Jacksonville, FL MSA"
"210","Jacksonville","Florida",44802,2011,"Jacksonville, FL MSA"
"211","Jacksonville","Florida",51298,2016,"Jacksonville, FL MSA"
"212","Jacksonville","Florida",58621,2021,"Jacksonville, FL MSA"
"213","Jacksonville","Florida",69309,2022,"Jacksonville, FL MSA"
"214","Jacksonville","Florida",45584,2010,"Jacksonville, FL MSA"
"215","Jacksonville","Florida",48239,2015,"Jacksonville, FL MSA"
"216","Jacksonville","Florida",51497,2017,"Jacksonville, FL MSA"
"217","Kansas City","Kansas",37789,2013,"Kansas City, MO-KS MSA"
"218","Kansas City","Kansas",35876,2012,"Kansas City, MO-KS MSA"
"219","Kansas City","Kansas",46291,2018,"Kansas City, MO-KS MSA"
"220","Kansas City","Kansas",45391,2019,"Kansas City, MO-KS MSA"
"221","Kansas City","Kansas",53884,2021,"Kansas City, MO-KS MSA"
"222","Kansas City","Kansas",37036,2011,"Kansas City, MO-KS MSA"
"223","Kansas City","Kansas",58233,2022,"Kansas City, MO-KS MSA"
"224","Kansas City","Kansas",35724,2014,"Kansas City, MO-KS MSA"
"225","Kansas City","Kansas",36677,2010,"Kansas City, MO-KS MSA"
"226","Kansas City","Kansas",42141,2016,"Kansas City, MO-KS MSA"
"227","Kansas City","Kansas",41255,2015,"Kansas City, MO-KS MSA"
"228","Kansas City","Kansas",45118,2017,"Kansas City, MO-KS MSA"
"229","Las Vegas","Nevada",58713,2019,"Las Vegas-Henderson-Paradise, NV MSA"
"230","Las Vegas","Nevada",49289,2013,"Las Vegas-Henderson-Paradise, NV MSA"
"231","Las Vegas","Nevada",46995,2011,"Las Vegas-Henderson-Paradise, NV MSA"
"232","Las Vegas","Nevada",51115,2016,"Las Vegas-Henderson-Paradise, NV MSA"
"233","Las Vegas","Nevada",50783,2010,"Las Vegas-Henderson-Paradise, NV MSA"
"234","Las Vegas","Nevada",56699,2017,"Las Vegas-Henderson-Paradise, NV MSA"
"235","Las Vegas","Nevada",47415,2012,"Las Vegas-Henderson-Paradise, NV MSA"
"236","Las Vegas","Nevada",68905,2022,"Las Vegas-Henderson-Paradise, NV MSA"
"237","Las Vegas","Nevada",59746,2021,"Las Vegas-Henderson-Paradise, NV MSA"
"238","Las Vegas","Nevada",49676,2015,"Las Vegas-Henderson-Paradise, NV MSA"
"239","Las Vegas","Nevada",53575,2018,"Las Vegas-Henderson-Paradise, NV MSA"
"240","Las Vegas","Nevada",50291,2014,"Las Vegas-Henderson-Paradise, NV MSA"
"241","Los Angeles","California",50544,2014,"Los Angeles-Long Beach-Anaheim, CA MSA"
"242","Los Angeles","California",47031,2010,"Los Angeles-Long Beach-Anaheim, CA MSA"
"243","Los Angeles","California",60197,2017,"Los Angeles-Long Beach-Anaheim, CA MSA"
"244","Los Angeles","California",52024,2015,"Los Angeles-Long Beach-Anaheim, CA MSA"
"245","Los Angeles","California",46803,2012,"Los Angeles-Long Beach-Anaheim, CA MSA"
"246","Los Angeles","California",54432,2016,"Los Angeles-Long Beach-Anaheim, CA MSA"
"247","Los Angeles","California",67418,2019,"Los Angeles-Long Beach-Anaheim, CA MSA"
"248","Los Angeles","California",76135,2022,"Los Angeles-Long Beach-Anaheim, CA MSA"
"249","Los Angeles","California",70372,2021,"Los Angeles-Long Beach-Anaheim, CA MSA"
"250","Los Angeles","California",48466,2013,"Los Angeles-Long Beach-Anaheim, CA MSA"
"251","Los Angeles","California",46148,2011,"Los Angeles-Long Beach-Anaheim, CA MSA"
"252","Los Angeles","California",62474,2018,"Los Angeles-Long Beach-Anaheim, CA MSA"
"253","Louisville","Kentucky",45503,2014,"Louisville/Jefferson County, KY-IN MSA"
"254","Louisville","Kentucky",42019,2011,"Louisville/Jefferson County, KY-IN MSA"
"255","Louisville","Kentucky",40730,2010,"Louisville/Jefferson County, KY-IN MSA"
"256","Louisville","Kentucky",52303,2018,"Louisville/Jefferson County, KY-IN MSA"
"257","Louisville","Kentucky",44893,2013,"Louisville/Jefferson County, KY-IN MSA"
"258","Louisville","Kentucky",48996,2016,"Louisville/Jefferson County, KY-IN MSA"
"259","Louisville","Kentucky",54853,2019,"Louisville/Jefferson County, KY-IN MSA"
"260","Louisville","Kentucky",48100,2015,"Louisville/Jefferson County, KY-IN MSA"
"261","Louisville","Kentucky",43035,2012,"Louisville/Jefferson County, KY-IN MSA"
"262","Louisville","Kentucky",51960,2017,"Louisville/Jefferson County, KY-IN MSA"
"263","Louisville","Kentucky",57182,2021,"Louisville/Jefferson County, KY-IN MSA"
"264","Louisville","Kentucky",63049,2022,"Louisville/Jefferson County, KY-IN MSA"
"265","Memphis","Tennessee",43794,2019,"Memphis, TN-MS-AR MSA"
"266","Memphis","Tennessee",37045,2010,"Memphis, TN-MS-AR MSA"
"267","Memphis","Tennessee",38826,2016,"Memphis, TN-MS-AR MSA"
"268","Memphis","Tennessee",36722,2013,"Memphis, TN-MS-AR MSA"
"269","Memphis","Tennessee",37199,2018,"Memphis, TN-MS-AR MSA"
"270","Memphis","Tennessee",34704,2014,"Memphis, TN-MS-AR MSA"
"271","Memphis","Tennessee",44317,2021,"Memphis, TN-MS-AR MSA"
"272","Memphis","Tennessee",39333,2017,"Memphis, TN-MS-AR MSA"
"273","Memphis","Tennessee",36908,2015,"Memphis, TN-MS-AR MSA"
"274","Memphis","Tennessee",34960,2011,"Memphis, TN-MS-AR MSA"
"275","Memphis","Tennessee",50622,2022,"Memphis, TN-MS-AR MSA"
"276","Memphis","Tennessee",33563,2012,"Memphis, TN-MS-AR MSA"
"277","Miami","Florida",40327,2017,"Miami-Fort Lauderdale-Pompano Beach, FL MSA"
"278","Miami","Florida",41818,2018,"Miami-Fort Lauderdale-Pompano Beach, FL MSA"
"279","Miami","Florida",48789,2021,"Miami-Fort Lauderdale-Pompano Beach, FL MSA"
"280","Miami","Florida",27291,2010,"Miami-Fort Lauderdale-Pompano Beach, FL MSA"
"281","Miami","Florida",29989,2015,"Miami-Fort Lauderdale-Pompano Beach, FL MSA"
"282","Miami","Florida",31070,2013,"Miami-Fort Lauderdale-Pompano Beach, FL MSA"
"283","Miami","Florida",60989,2022,"Miami-Fort Lauderdale-Pompano Beach, FL MSA"
"284","Miami","Florida",34901,2016,"Miami-Fort Lauderdale-Pompano Beach, FL MSA"
"285","Miami","Florida",28536,2011,"Miami-Fort Lauderdale-Pompano Beach, FL MSA"
"286","Miami","Florida",42966,2019,"Miami-Fort Lauderdale-Pompano Beach, FL MSA"
"287","Miami","Florida",28301,2012,"Miami-Fort Lauderdale-Pompano Beach, FL MSA"
"288","Miami","Florida",31917,2014,"Miami-Fort Lauderdale-Pompano Beach, FL MSA"
"289","Milwaukee","Wisconsin",35049,2014,"Milwaukee-Waukesha, WI MSA"
"290","Milwaukee","Wisconsin",32911,2010,"Milwaukee-Waukesha, WI MSA"
"291","Milwaukee","Wisconsin",44192,2019,"Milwaukee-Waukesha, WI MSA"
"292","Milwaukee","Wisconsin",46637,2021,"Milwaukee-Waukesha, WI MSA"
"293","Milwaukee","Wisconsin",37495,2015,"Milwaukee-Waukesha, WI MSA"
"294","Milwaukee","Wisconsin",35186,2013,"Milwaukee-Waukesha, WI MSA"
"295","Milwaukee","Wisconsin",42087,2018,"Milwaukee-Waukesha, WI MSA"
"296","Milwaukee","Wisconsin",49270,2022,"Milwaukee-Waukesha, WI MSA"
"297","Milwaukee","Wisconsin",38097,2016,"Milwaukee-Waukesha, WI MSA"
"298","Milwaukee","Wisconsin",39098,2017,"Milwaukee-Waukesha, WI MSA"
"299","Milwaukee","Wisconsin",33122,2011,"Milwaukee-Waukesha, WI MSA"
"300","Milwaukee","Wisconsin",34042,2012,"Milwaukee-Waukesha, WI MSA"
"301","Minneapolis","Minnesota",46682,2011,"Minneapolis-St Paul-Bloomington, MN-WI MSA"
"302","Minneapolis","Minnesota",69397,2021,"Minneapolis-St Paul-Bloomington, MN-WI MSA"
"303","Minneapolis","Minnesota",56255,2016,"Minneapolis-St Paul-Bloomington, MN-WI MSA"
"304","Minneapolis","Minnesota",60789,2017,"Minneapolis-St Paul-Bloomington, MN-WI MSA"
"305","Minneapolis","Minnesota",54571,2015,"Minneapolis-St Paul-Bloomington, MN-WI MSA"
"306","Minneapolis","Minnesota",47604,2012,"Minneapolis-St Paul-Bloomington, MN-WI MSA"
"307","Minneapolis","Minnesota",50563,2013,"Minneapolis-St Paul-Bloomington, MN-WI MSA"
"308","Minneapolis","Minnesota",65889,2019,"Minneapolis-St Paul-Bloomington, MN-WI MSA"
"309","Minneapolis","Minnesota",63590,2018,"Minneapolis-St Paul-Bloomington, MN-WI MSA"
"310","Minneapolis","Minnesota",50791,2014,"Minneapolis-St Paul-Bloomington, MN-WI MSA"
"311","Minneapolis","Minnesota",74473,2022,"Minneapolis-St Paul-Bloomington, MN-WI MSA"
"312","Minneapolis","Minnesota",46508,2010,"Minneapolis-St Paul-Bloomington, MN-WI MSA"
"313","Nashville","Tennessee",57737,2017,"Nashville-Davidson--Murfreesboro--Franklin, TN MSA"
"314","Nashville","Tennessee",46803,2013,"Nashville-Davidson--Murfreesboro--Franklin, TN MSA"
"315","Nashville","Tennessee",64857,2021,"Nashville-Davidson--Murfreesboro--Franklin, TN MSA"
"316","Nashville","Tennessee",43399,2012,"Nashville-Davidson--Murfreesboro--Franklin, TN MSA"
"317","Nashville","Tennessee",54310,2016,"Nashville-Davidson--Murfreesboro--Franklin, TN MSA"
"318","Nashville","Tennessee",42639,2011,"Nashville-Davidson--Murfreesboro--Franklin, TN MSA"
"319","Nashville","Tennessee",60324,2018,"Nashville-Davidson--Murfreesboro--Franklin, TN MSA"
"320","Nashville","Tennessee",47211,2014,"Nashville-Davidson--Murfreesboro--Franklin, TN MSA"
"321","Nashville","Tennessee",71767,2022,"Nashville-Davidson--Murfreesboro--Franklin, TN MSA"
"322","Nashville","Tennessee",51393,2015,"Nashville-Davidson--Murfreesboro--Franklin, TN MSA"
"323","Nashville","Tennessee",63462,2019,"Nashville-Davidson--Murfreesboro--Franklin, TN MSA"
"324","Nashville","Tennessee",42813,2010,"Nashville-Davidson--Murfreesboro--Franklin, TN MSA"
"325","New York","New York",48743,2010,"New York-Newark-Jersey City, NY-NJ-PA MSA"
"326","New York","New York",52223,2013,"New York-Newark-Jersey City, NY-NJ-PA MSA"
"327","New York","New York",69407,2019,"New York-Newark-Jersey City, NY-NJ-PA MSA"
"328","New York","New York",58856,2016,"New York-Newark-Jersey City, NY-NJ-PA MSA"
"329","New York","New York",74694,2022,"New York-Newark-Jersey City, NY-NJ-PA MSA"
"330","New York","New York",63799,2018,"New York-Newark-Jersey City, NY-NJ-PA MSA"
"331","New York","New York",52996,2014,"New York-Newark-Jersey City, NY-NJ-PA MSA"
"332","New York","New York",67997,2021,"New York-Newark-Jersey City, NY-NJ-PA MSA"
"333","New York","New York",50895,2012,"New York-Newark-Jersey City, NY-NJ-PA MSA"
"334","New York","New York",55752,2015,"New York-Newark-Jersey City, NY-NJ-PA MSA"
"335","New York","New York",49461,2011,"New York-Newark-Jersey City, NY-NJ-PA MSA"
"336","New York","New York",60879,2017,"New York-Newark-Jersey City, NY-NJ-PA MSA"
"337","Oklahoma City","Oklahoma",43352,2012,"Oklahoma City, OK MSA"
"338","Oklahoma City","Oklahoma",52915,2016,"Oklahoma City, OK MSA"
"339","Oklahoma City","Oklahoma",46232,2013,"Oklahoma City, OK MSA"
"340","Oklahoma City","Oklahoma",55492,2019,"Oklahoma City, OK MSA"
"341","Oklahoma City","Oklahoma",44043,2010,"Oklahoma City, OK MSA"
"342","Oklahoma City","Oklahoma",53973,2018,"Oklahoma City, OK MSA"
"343","Oklahoma City","Oklahoma",49119,2014,"Oklahoma City, OK MSA"
"344","Oklahoma City","Oklahoma",59214,2021,"Oklahoma City, OK MSA"
"345","Oklahoma City","Oklahoma",52062,2017,"Oklahoma City, OK MSA"
"346","Oklahoma City","Oklahoma",63713,2022,"Oklahoma City, OK MSA"
"347","Oklahoma City","Oklahoma",50739,2015,"Oklahoma City, OK MSA"
"348","Oklahoma City","Oklahoma",42995,2011,"Oklahoma City, OK MSA"
"349","Orlando","Florida",54167,2021,"Orlando-Kissimmee-Sanford, FL MSA"
"350","Orlando","Florida",58819,2019,"Orlando-Kissimmee-Sanford, FL MSA"
"351","Orlando","Florida",51820,2018,"Orlando-Kissimmee-Sanford, FL MSA"
"352","Orlando","Florida",44804,2015,"Orlando-Kissimmee-Sanford, FL MSA"
"353","Orlando","Florida",38098,2010,"Orlando-Kissimmee-Sanford, FL MSA"
"354","Orlando","Florida",46761,2016,"Orlando-Kissimmee-Sanford, FL MSA"
"355","Orlando","Florida",40275,2011,"Orlando-Kissimmee-Sanford, FL MSA"
"356","Orlando","Florida",41345,2013,"Orlando-Kissimmee-Sanford, FL MSA"
"357","Orlando","Florida",65354,2022,"Orlando-Kissimmee-Sanford, FL MSA"
"358","Orlando","Florida",47594,2017,"Orlando-Kissimmee-Sanford, FL MSA"
"359","Orlando","Florida",41695,2012,"Orlando-Kissimmee-Sanford, FL MSA"
"360","Orlando","Florida",41081,2014,"Orlando-Kissimmee-Sanford, FL MSA"
"361","Philadelphia","Pennsylvania",41449,2016,"Philadelphia-Camden-Wilmington, PA-NJ-DE-MD MSA"
"362","Philadelphia","Pennsylvania",39759,2017,"Philadelphia-Camden-Wilmington, PA-NJ-DE-MD MSA"
"363","Philadelphia","Pennsylvania",34207,2011,"Philadelphia-Camden-Wilmington, PA-NJ-DE-MD MSA"
"364","Philadelphia","Pennsylvania",41233,2015,"Philadelphia-Camden-Wilmington, PA-NJ-DE-MD MSA"
"365","Philadelphia","Pennsylvania",36836,2013,"Philadelphia-Camden-Wilmington, PA-NJ-DE-MD MSA"
"366","Philadelphia","Pennsylvania",56517,2022,"Philadelphia-Camden-Wilmington, PA-NJ-DE-MD MSA"
"367","Philadelphia","Pennsylvania",52899,2021,"Philadelphia-Camden-Wilmington, PA-NJ-DE-MD MSA"
"368","Philadelphia","Pennsylvania",47474,2019,"Philadelphia-Camden-Wilmington, PA-NJ-DE-MD MSA"
"369","Philadelphia","Pennsylvania",35386,2012,"Philadelphia-Camden-Wilmington, PA-NJ-DE-MD MSA"
"370","Philadelphia","Pennsylvania",46116,2018,"Philadelphia-Camden-Wilmington, PA-NJ-DE-MD MSA"
"371","Philadelphia","Pennsylvania",39043,2014,"Philadelphia-Camden-Wilmington, PA-NJ-DE-MD MSA"
"372","Philadelphia","Pennsylvania",34400,2010,"Philadelphia-Camden-Wilmington, PA-NJ-DE-MD MSA"
"373","Phoenix","Arizona",43960,2011,"Phoenix-Mesa-Chandler, AZ MSA"
"374","Phoenix","Arizona",60931,2019,"Phoenix-Mesa-Chandler, AZ MSA"
"375","Phoenix","Arizona",48452,2015,"Phoenix-Mesa-Chandler, AZ MSA"
"376","Phoenix","Arizona",52062,2016,"Phoenix-Mesa-Chandler, AZ MSA"
"377","Phoenix","Arizona",57957,2018,"Phoenix-Mesa-Chandler, AZ MSA"
"378","Phoenix","Arizona",44153,2012,"Phoenix-Mesa-Chandler, AZ MSA"
"379","Phoenix","Arizona",56696,2017,"Phoenix-Mesa-Chandler, AZ MSA"
"380","Phoenix","Arizona",42260,2010,"Phoenix-Mesa-Chandler, AZ MSA"
"381","Phoenix","Arizona",47929,2014,"Phoenix-Mesa-Chandler, AZ MSA"
"382","Phoenix","Arizona",75969,2022,"Phoenix-Mesa-Chandler, AZ MSA"
"383","Phoenix","Arizona",68435,2021,"Phoenix-Mesa-Chandler, AZ MSA"
"384","Phoenix","Arizona",46601,2013,"Phoenix-Mesa-Chandler, AZ MSA"
"385","Pittsburgh","Pennsylvania",44707,2016,"Pittsburgh, PA MSA"
"386","Pittsburgh","Pennsylvania",41074,2014,"Pittsburgh, PA MSA"
"387","Pittsburgh","Pennsylvania",36196,2010,"Pittsburgh, PA MSA"
"388","Pittsburgh","Pennsylvania",39884,2012,"Pittsburgh, PA MSA"
"389","Pittsburgh","Pennsylvania",41293,2015,"Pittsburgh, PA MSA"
"390","Pittsburgh","Pennsylvania",42004,2013,"Pittsburgh, PA MSA"
"391","Pittsburgh","Pennsylvania",53799,2019,"Pittsburgh, PA MSA"
"392","Pittsburgh","Pennsylvania",45851,2017,"Pittsburgh, PA MSA"
"393","Pittsburgh","Pennsylvania",35947,2011,"Pittsburgh, PA MSA"
"394","Pittsburgh","Pennsylvania",57821,2021,"Pittsburgh, PA MSA"
"395","Pittsburgh","Pennsylvania",47417,2018,"Pittsburgh, PA MSA"
"396","Pittsburgh","Pennsylvania",63380,2022,"Pittsburgh, PA MSA"
"397","Portland","Oregon",55571,2013,"Portland-Vancouver-Hillsboro, OR-WA MSA"
"398","Portland","Oregon",73097,2018,"Portland-Vancouver-Hillsboro, OR-WA MSA"
"399","Portland","Oregon",54624,2014,"Portland-Vancouver-Hillsboro, OR-WA MSA"
"400","Portland","Oregon",79057,2021,"Portland-Vancouver-Hillsboro, OR-WA MSA"
"401","Portland","Oregon",66187,2017,"Portland-Vancouver-Hillsboro, OR-WA MSA"
"402","Portland","Oregon",47185,2010,"Portland-Vancouver-Hillsboro, OR-WA MSA"
"403","Portland","Oregon",76231,2019,"Portland-Vancouver-Hillsboro, OR-WA MSA"
"404","Portland","Oregon",81119,2022,"Portland-Vancouver-Hillsboro, OR-WA MSA"
"405","Portland","Oregon",47033,2011,"Portland-Vancouver-Hillsboro, OR-WA MSA"
"406","Portland","Oregon",62127,2016,"Portland-Vancouver-Hillsboro, OR-WA MSA"
"407","Portland","Oregon",52158,2012,"Portland-Vancouver-Hillsboro, OR-WA MSA"
"408","Portland","Oregon",60892,2015,"Portland-Vancouver-Hillsboro, OR-WA MSA"
"409","Providence","Rhode Island",36378,2013,"Providence-Warwick, RI-MA MSA"
"410","Providence","Rhode Island",37420,2014,"Providence-Warwick, RI-MA MSA"
"411","Providence","Rhode Island",50097,2019,"Providence-Warwick, RI-MA MSA"
"412","Providence","Rhode Island",44517,2017,"Providence-Warwick, RI-MA MSA"
"413","Providence","Rhode Island",37856,2011,"Providence-Warwick, RI-MA MSA"
"414","Providence","Rhode Island",60970,2021,"Providence-Warwick, RI-MA MSA"
"415","Providence","Rhode Island",37237,2010,"Providence-Warwick, RI-MA MSA"
"416","Providence","Rhode Island",39015,2015,"Providence-Warwick, RI-MA MSA"
"417","Providence","Rhode Island",64184,2022,"Providence-Warwick, RI-MA MSA"
"418","Providence","Rhode Island",33989,2012,"Providence-Warwick, RI-MA MSA"
"419","Providence","Rhode Island",40335,2016,"Providence-Warwick, RI-MA MSA"
"420","Providence","Rhode Island",42347,2018,"Providence-Warwick, RI-MA MSA"
"421","Raleigh","North Carolina",52040,2011,"Raleigh-Cary, NC MSA"
"422","Raleigh","North Carolina",55170,2013,"Raleigh-Cary, NC MSA"
"423","Raleigh","North Carolina",53475,2014,"Raleigh-Cary, NC MSA"
"424","Raleigh","North Carolina",75424,2022,"Raleigh-Cary, NC MSA"
"425","Raleigh","North Carolina",56910,2015,"Raleigh-Cary, NC MSA"
"426","Raleigh","North Carolina",74612,2021,"Raleigh-Cary, NC MSA"
"427","Raleigh","North Carolina",69333,2019,"Raleigh-Cary, NC MSA"
"428","Raleigh","North Carolina",65695,2018,"Raleigh-Cary, NC MSA"
"429","Raleigh","North Carolina",53653,2012,"Raleigh-Cary, NC MSA"
"430","Raleigh","North Carolina",49931,2010,"Raleigh-Cary, NC MSA"
"431","Raleigh","North Carolina",64456,2016,"Raleigh-Cary, NC MSA"
"432","Raleigh","North Carolina",64660,2017,"Raleigh-Cary, NC MSA"
"433","Richmond","Virginia",46261,2017,"Richmond, VA MSA"
"434","Richmond","Virginia",51770,2021,"Richmond, VA MSA"
"435","Richmond","Virginia",39608,2010,"Richmond, VA MSA"
"436","Richmond","Virginia",38926,2011,"Richmond, VA MSA"
"437","Richmond","Virginia",42373,2016,"Richmond, VA MSA"
"438","Richmond","Virginia",43054,2014,"Richmond, VA MSA"
"439","Richmond","Virginia",48987,2018,"Richmond, VA MSA"
"440","Richmond","Virginia",39193,2013,"Richmond, VA MSA"
"441","Richmond","Virginia",38185,2012,"Richmond, VA MSA"
"442","Richmond","Virginia",51285,2019,"Richmond, VA MSA"
"443","Richmond","Virginia",39906,2015,"Richmond, VA MSA"
"444","Richmond","Virginia",58988,2022,"Richmond, VA MSA"
"445","Riverside","California",54300,2013,"Riverside-San Bernardino-Ontario, CA MSA"
"446","Riverside","California",66928,2017,"Riverside-San Bernardino-Ontario, CA MSA"
"447","Riverside","California",53847,2010,"Riverside-San Bernardino-Ontario, CA MSA"
"448","Riverside","California",76558,2021,"Riverside-San Bernardino-Ontario, CA MSA"
"449","Riverside","California",52697,2012,"Riverside-San Bernardino-Ontario, CA MSA"
"450","Riverside","California",81228,2022,"Riverside-San Bernardino-Ontario, CA MSA"
"451","Riverside","California",51331,2011,"Riverside-San Bernardino-Ontario, CA MSA"
"452","Riverside","California",61279,2015,"Riverside-San Bernardino-Ontario, CA MSA"
"453","Riverside","California",63548,2016,"Riverside-San Bernardino-Ontario, CA MSA"
"454","Riverside","California",71967,2019,"Riverside-San Bernardino-Ontario, CA MSA"
"455","Riverside","California",58368,2014,"Riverside-San Bernardino-Ontario, CA MSA"
"456","Riverside","California",67850,2018,"Riverside-San Bernardino-Ontario, CA MSA"
"457","Sacramento","California",46731,2010,"Sacramento-Roseville-Folsom, CA MSA"
"458","Sacramento","California",48034,2013,"Sacramento-Roseville-Folsom, CA MSA"
"459","Sacramento","California",47908,2011,"Sacramento-Roseville-Folsom, CA MSA"
"460","Sacramento","California",48546,2012,"Sacramento-Roseville-Folsom, CA MSA"
"461","Sacramento","California",48829,2014,"Sacramento-Roseville-Folsom, CA MSA"
"462","Sacramento","California",80254,2022,"Sacramento-Roseville-Folsom, CA MSA"
"463","Sacramento","California",75311,2021,"Sacramento-Roseville-Folsom, CA MSA"
"464","Sacramento","California",56943,2017,"Sacramento-Roseville-Folsom, CA MSA"
"465","Sacramento","California",55187,2016,"Sacramento-Roseville-Folsom, CA MSA"
"466","Sacramento","California",65046,2018,"Sacramento-Roseville-Folsom, CA MSA"
"467","Sacramento","California",52151,2015,"Sacramento-Roseville-Folsom, CA MSA"
"468","Sacramento","California",69134,2019,"Sacramento-Roseville-Folsom, CA MSA"
"469","Salt Lake City","Utah",56994,2016,"Salt Lake City, UT MSA"
"470","Salt Lake City","Utah",66658,2021,"Salt Lake City, UT MSA"
"471","Salt Lake City","Utah",58688,2017,"Salt Lake City, UT MSA"
"472","Salt Lake City","Utah",50827,2013,"Salt Lake City, UT MSA"
"473","Salt Lake City","Utah",46711,2014,"Salt Lake City, UT MSA"
"474","Salt Lake City","Utah",41588,2011,"Salt Lake City, UT MSA"
"475","Salt Lake City","Utah",75529,2022,"Salt Lake City, UT MSA"
"476","Salt Lake City","Utah",40219,2010,"Salt Lake City, UT MSA"
"477","Salt Lake City","Utah",61625,2018,"Salt Lake City, UT MSA"
"478","Salt Lake City","Utah",48761,2015,"Salt Lake City, UT MSA"
"479","Salt Lake City","Utah",42827,2012,"Salt Lake City, UT MSA"
"480","Salt Lake City","Utah",63971,2019,"Salt Lake City, UT MSA"
"481","San Antonio","Texas",54923,2021,"San Antonio-New Braunfels, TX MSA"
"482","San Antonio","Texas",45399,2013,"San Antonio-New Braunfels, TX MSA"
"483","San Antonio","Texas",49268,2016,"San Antonio-New Braunfels, TX MSA"
"484","San Antonio","Texas",50044,2017,"San Antonio-New Braunfels, TX MSA"
"485","San Antonio","Texas",49024,2018,"San Antonio-New Braunfels, TX MSA"
"486","San Antonio","Texas",58829,2022,"San Antonio-New Braunfels, TX MSA"
"487","San Antonio","Texas",42613,2011,"San Antonio-New Braunfels, TX MSA"
"488","San Antonio","Texas",48869,2015,"San Antonio-New Braunfels, TX MSA"
"489","San Antonio","Texas",45524,2012,"San Antonio-New Braunfels, TX MSA"
"490","San Antonio","Texas",53751,2019,"San Antonio-New Braunfels, TX MSA"
"491","San Antonio","Texas",43758,2010,"San Antonio-New Braunfels, TX MSA"
"492","San Antonio","Texas",45339,2014,"San Antonio-New Braunfels, TX MSA"
"493","San Diego","California",60797,2011,"San Diego-Chula Vista-Carlsbad, CA MSA"
"494","San Diego","California",79646,2018,"San Diego-Chula Vista-Carlsbad, CA MSA"
"495","San Diego","California",67799,2014,"San Diego-Chula Vista-Carlsbad, CA MSA"
"496","San Diego","California",63456,2013,"San Diego-Chula Vista-Carlsbad, CA MSA"
"497","San Diego","California",62395,2012,"San Diego-Chula Vista-Carlsbad, CA MSA"
"498","San Diego","California",100010,2022,"San Diego-Chula Vista-Carlsbad, CA MSA"
"499","San Diego","California",67871,2015,"San Diego-Chula Vista-Carlsbad, CA MSA"
"500","San Diego","California",76662,2017,"San Diego-Chula Vista-Carlsbad, CA MSA"
"501","San Diego","California",85507,2019,"San Diego-Chula Vista-Carlsbad, CA MSA"
"502","San Diego","California",71481,2016,"San Diego-Chula Vista-Carlsbad, CA MSA"
"503","San Diego","California",60037,2010,"San Diego-Chula Vista-Carlsbad, CA MSA"
"504","San Diego","California",93042,2021,"San Diego-Chula Vista-Carlsbad, CA MSA"
"505","San Francisco","California",69894,2011,"San Francisco-Oakland-Berkeley, CA MSA"
"506","San Francisco","California",77485,2013,"San Francisco-Oakland-Berkeley, CA MSA"
"507","San Francisco","California",71745,2010,"San Francisco-Oakland-Berkeley, CA MSA"
"508","San Francisco","California",123859,2019,"San Francisco-Oakland-Berkeley, CA MSA"
"509","San Francisco","California",136692,2022,"San Francisco-Oakland-Berkeley, CA MSA"
"510","San Francisco","California",110816,2017,"San Francisco-Oakland-Berkeley, CA MSA"
"511","San Francisco","California",121826,2021,"San Francisco-Oakland-Berkeley, CA MSA"
"512","San Francisco","California",112376,2018,"San Francisco-Oakland-Berkeley, CA MSA"
"513","San Francisco","California",92094,2015,"San Francisco-Oakland-Berkeley, CA MSA"
"514","San Francisco","California",73012,2012,"San Francisco-Oakland-Berkeley, CA MSA"
"515","San Francisco","California",85070,2014,"San Francisco-Oakland-Berkeley, CA MSA"
"516","San Francisco","California",103801,2016,"San Francisco-Oakland-Berkeley, CA MSA"
"517","San Jose","California",101940,2016,"San Jose-Sunnyvale-Santa Clara, CA MSA"
"518","San Jose","California",76794,2010,"San Jose-Sunnyvale-Santa Clara, CA MSA"
"519","San Jose","California",126377,2021,"San Jose-Sunnyvale-Santa Clara, CA MSA"
"520","San Jose","California",80090,2012,"San Jose-Sunnyvale-Santa Clara, CA MSA"
"521","San Jose","California",91451,2015,"San Jose-Sunnyvale-Santa Clara, CA MSA"
"522","San Jose","California",113036,2018,"San Jose-Sunnyvale-Santa Clara, CA MSA"
"523","San Jose","California",104675,2017,"San Jose-Sunnyvale-Santa Clara, CA MSA"
"524","San Jose","California",80977,2013,"San Jose-Sunnyvale-Santa Clara, CA MSA"
"525","San Jose","California",133835,2022,"San Jose-Sunnyvale-Santa Clara, CA MSA"
"526","San Jose","California",87210,2014,"San Jose-Sunnyvale-Santa Clara, CA MSA"
"527","San Jose","California",115893,2019,"San Jose-Sunnyvale-Santa Clara, CA MSA"
"528","San Jose","California",76593,2011,"San Jose-Sunnyvale-Santa Clara, CA MSA"
"529","Seattle","Washington",86822,2017,"Seattle-Tacoma-Bellevue, WA MSA"
"530","Seattle","Washington",64473,2012,"Seattle-Tacoma-Bellevue, WA MSA"
"531","Seattle","Washington",115409,2022,"Seattle-Tacoma-Bellevue, WA MSA"
"532","Seattle","Washington",61037,2011,"Seattle-Tacoma-Bellevue, WA MSA"
"533","Seattle","Washington",93481,2018,"Seattle-Tacoma-Bellevue, WA MSA"
"534","Seattle","Washington",83476,2016,"Seattle-Tacoma-Bellevue, WA MSA"
"535","Seattle","Washington",70172,2013,"Seattle-Tacoma-Bellevue, WA MSA"
"536","Seattle","Washington",102486,2019,"Seattle-Tacoma-Bellevue, WA MSA"
"537","Seattle","Washington",80349,2015,"Seattle-Tacoma-Bellevue, WA MSA"
"538","Seattle","Washington",70975,2014,"Seattle-Tacoma-Bellevue, WA MSA"
"539","Seattle","Washington",60212,2010,"Seattle-Tacoma-Bellevue, WA MSA"
"540","Seattle","Washington",110781,2021,"Seattle-Tacoma-Bellevue, WA MSA"
"541","St. Louis","Missouri",38397,2015,"St. Louis, MO-IL MSA"
"542","St. Louis","Missouri",35959,2014,"St. Louis, MO-IL MSA"
"543","St. Louis","Missouri",49965,2021,"St. Louis, MO-IL MSA"
"544","St. Louis","Missouri",32688,2010,"St. Louis, MO-IL MSA"
"545","St. Louis","Missouri",52847,2022,"St. Louis, MO-IL MSA"
"546","St. Louis","Missouri",41441,2017,"St. Louis, MO-IL MSA"
"547","St. Louis","Missouri",31997,2012,"St. Louis, MO-IL MSA"
"548","St. Louis","Missouri",43889,2018,"St. Louis, MO-IL MSA"
"549","St. Louis","Missouri",40346,2016,"St. Louis, MO-IL MSA"
"550","St. Louis","Missouri",47176,2019,"St. Louis, MO-IL MSA"
"551","St. Louis","Missouri",32570,2011,"St. Louis, MO-IL MSA"
"552","St. Louis","Missouri",34488,2013,"St. Louis, MO-IL MSA"
"553","Tampa","Florida",40894,2012,"Tampa-St Petersburg-Clearwater, FL MSA"
"554","Tampa","Florida",71089,2022,"Tampa-St Petersburg-Clearwater, FL MSA"
"555","Tampa","Florida",54599,2018,"Tampa-St Petersburg-Clearwater, FL MSA"
"556","Tampa","Florida",42649,2013,"Tampa-St Petersburg-Clearwater, FL MSA"
"557","Tampa","Florida",44432,2015,"Tampa-St Petersburg-Clearwater, FL MSA"
"558","Tampa","Florida",50405,2016,"Tampa-St Petersburg-Clearwater, FL MSA"
"559","Tampa","Florida",63404,2021,"Tampa-St Petersburg-Clearwater, FL MSA"
"560","Tampa","Florida",40073,2011,"Tampa-St Petersburg-Clearwater, FL MSA"
"561","Tampa","Florida",40883,2010,"Tampa-St Petersburg-Clearwater, FL MSA"
"562","Tampa","Florida",57709,2019,"Tampa-St Petersburg-Clearwater, FL MSA"
"563","Tampa","Florida",45709,2014,"Tampa-St Petersburg-Clearwater, FL MSA"
"564","Tampa","Florida",50489,2017,"Tampa-St Petersburg-Clearwater, FL MSA"
"565","Virginia Beach","Virginia",64614,2011,"Virginia Beach-Norfolk-Newport News, VA-NC MSA"
"566","Virginia Beach","Virginia",64212,2010,"Virginia Beach-Norfolk-Newport News, VA-NC MSA"
"567","Virginia Beach","Virginia",67281,2015,"Virginia Beach-Norfolk-Newport News, VA-NC MSA"
"568","Virginia Beach","Virginia",71117,2016,"Virginia Beach-Norfolk-Newport News, VA-NC MSA"
"569","Virginia Beach","Virginia",72586,2017,"Virginia Beach-Norfolk-Newport News, VA-NC MSA"
"570","Virginia Beach","Virginia",83245,2022,"Virginia Beach-Norfolk-Newport News, VA-NC MSA"
"571","Virginia Beach","Virginia",79054,2019,"Virginia Beach-Norfolk-Newport News, VA-NC MSA"
"572","Virginia Beach","Virginia",77059,2018,"Virginia Beach-Norfolk-Newport News, VA-NC MSA"
"573","Virginia Beach","Virginia",68816,2014,"Virginia Beach-Norfolk-Newport News, VA-NC MSA"
"574","Virginia Beach","Virginia",81634,2021,"Virginia Beach-Norfolk-Newport News, VA-NC MSA"
"575","Virginia Beach","Virginia",62855,2013,"Virginia Beach-Norfolk-Newport News, VA-NC MSA"
"576","Virginia Beach","Virginia",61626,2012,"Virginia Beach-Norfolk-Newport News, VA-NC MSA"
"577","Washington","District of Columbia",66583,2012,"Washington-Arlington-Alexandria, DC-VA-MD-WV MSA"
"578","Washington","District of Columbia",90088,2021,"Washington-Arlington-Alexandria, DC-VA-MD-WV MSA"
"579","Washington","District of Columbia",101027,2022,"Washington-Arlington-Alexandria, DC-VA-MD-WV MSA"
"580","Washington","District of Columbia",71648,2014,"Washington-Arlington-Alexandria, DC-VA-MD-WV MSA"
"581","Washington","District of Columbia",92266,2019,"Washington-Arlington-Alexandria, DC-VA-MD-WV MSA"
"582","Washington","District of Columbia",63124,2011,"Washington-Arlington-Alexandria, DC-VA-MD-WV MSA"
"583","Washington","District of Columbia",75628,2015,"Washington-Arlington-Alexandria, DC-VA-MD-WV MSA"
"584","Washington","District of Columbia",75506,2016,"Washington-Arlington-Alexandria, DC-VA-MD-WV MSA"
"585","Washington","District of Columbia",85203,2018,"Washington-Arlington-Alexandria, DC-VA-MD-WV MSA"
"586","Washington","District of Columbia",82372,2017,"Washington-Arlington-Alexandria, DC-VA-MD-WV MSA"
"587","Washington","District of Columbia",67572,2013,"Washington-Arlington-Alexandria, DC-VA-MD-WV MSA"
"588","Washington","District of Columbia",60903,2010,"Washington-Arlington-Alexandria, DC-VA-MD-WV MSA"
